site,layer,primary,peak,split,asym,role_sample,source
attn,19,0.954,0.965,0.928,0.97,0.951,results/transfer_stable/MLP_ATTN_PROBES.md
attn,20,0.949,0.934,0.948,0.965,0.87,results/transfer_stable/MLP_ATTN_PROBES.md
attn,21,0.986,0.978,0.986,0.994,0.948,results/transfer_stable/MLP_ATTN_PROBES.md
attn,22,0.999,0.998,1.0,1.0,0.987,results/transfer_stable/MLP_ATTN_PROBES.md
attn,23,0.888,0.878,0.873,0.914,0.881,results/transfer_stable/MLP_ATTN_PROBES.md
mlp,19,0.861,0.863,0.836,0.883,0.852,results/transfer_stable/MLP_ATTN_PROBES.md
mlp,20,0.821,0.837,0.763,0.863,0.872,results/transfer_stable/MLP_ATTN_PROBES.md
mlp,21,0.849,0.834,0.841,0.873,0.825,results/transfer_stable/MLP_ATTN_PROBES.md
mlp,22,0.915,0.881,0.923,0.941,0.878,results/transfer_stable/MLP_ATTN_PROBES.md
mlp,23,0.823,0.805,0.794,0.87,0.814,results/transfer_stable/MLP_ATTN_PROBES.md
residual,19,0.884,0.879,0.863,0.91,0.845,results/transfer_stable/MLP_ATTN_PROBES.md
residual,20,0.885,0.864,0.871,0.918,0.829,results/transfer_stable/MLP_ATTN_PROBES.md
residual,21,0.941,0.899,0.975,0.95,0.859,results/transfer_stable/MLP_ATTN_PROBES.md
residual,22,0.93,0.897,0.937,0.955,0.873,results/transfer_stable/MLP_ATTN_PROBES.md
residual,23,0.873,0.832,0.877,0.91,0.845,results/transfer_stable/MLP_ATTN_PROBES.md
